candidate,date,support_pct,numeric_grade,pollscore
Harris,10/14/24,49,1.1,0.6
Trump,10/14/24,50,1.1,0.6
Harris,10/14/24,46,1.8,0.4
Trump,10/14/24,48,1.8,0.4
Harris,10/14/24,46,1.8,0.4
Trump,10/14/24,48,1.8,0.4
Harris,10/14/24,44,1.8,0.4
Trump,10/14/24,50,1.8,0.4
Harris,10/14/24,47,1.8,0.4
Trump,10/14/24,47,1.8,0.4
Harris,10/14/24,47,1.8,0.4
Trump,10/14/24,47,1.8,0.4
Harris,10/14/24,51,1.8,0.4
Trump,10/14/24,43,1.8,0.4
Harris,10/14/24,47,1.8,0.4
Trump,10/14/24,47,1.8,0.4
Harris,10/14/24,49,1.8,0.4
Trump,10/14/24,45,1.8,0.4
Harris,10/14/24,48,1.8,0.4
Trump,10/14/24,48,1.8,0.4
Harris,10/14/24,48,1.8,0.4
Trump,10/14/24,47,1.8,0.4
Harris,10/13/24,46,0.7,0.6
Trump,10/13/24,47.5,0.7,0.6
Harris,10/13/24,44.6,0.7,0.6
Trump,10/13/24,46.5,0.7,0.6
Harris,10/13/24,45.6,0.7,0.6
Trump,10/13/24,44.8,0.7,0.6
Harris,10/11/24,44.9,1.8,0.1
Trump,10/11/24,44,1.8,0.1
Harris,10/9/24,47,1.8,0.4
Trump,10/9/24,48,1.8,0.4
Harris,10/9/24,46,1.8,0.4
Trump,10/9/24,48,1.8,0.4
Harris,10/8/24,44.9,0.7,0.6
Trump,10/8/24,46.2,0.7,0.6
Harris,10/8/24,49,1.1,0.3
Trump,10/8/24,47,1.1,0.3
Harris,10/8/24,47,1.6,0.2
Trump,10/8/24,47,1.6,0.2
Harris,10/8/24,38,1.4,0.6
Trump,10/8/24,58,1.4,0.6
Harris,10/8/24,35,1.8,0.1
Trump,10/8/24,54,1.8,0.1
Harris,10/8/24,35,1.8,0.1
Trump,10/8/24,56,1.8,0.1
Harris,10/6/24,47.72,1.8,0.4
Trump,10/6/24,45.99,1.8,0.4
Harris,10/4/24,44.5,1.2,1.7
Trump,10/4/24,41.5,1.2,1.7
Harris,10/4/24,48.7,1.2,1.7
Trump,10/4/24,44.6,1.2,1.7
Harris,10/4/24,49.9,1.2,1.7
Trump,10/4/24,46.4,1.2,1.7
Harris,10/2/24,47,1.8,0.4
Trump,10/2/24,48,1.8,0.4
Harris,10/2/24,45,1.8,0.4
Trump,10/2/24,49,1.8,0.4
Harris,10/2/24,47,1.8,0.4
Trump,10/2/24,47,1.8,0.4
Harris,10/2/24,48,1.8,0.4
Trump,10/2/24,46,1.8,0.4
Harris,10/2/24,51,1.8,0.4
Trump,10/2/24,43,1.8,0.4
Harris,10/2/24,48,1.8,0.4
Trump,10/2/24,47,1.8,0.4
Harris,10/2/24,45,1.8,0.4
Trump,10/2/24,47,1.8,0.4
Harris,10/2/24,48,1.8,0.4
Trump,10/2/24,47,1.8,0.4
Harris,10/2/24,47,1.8,0.4
Trump,10/2/24,46,1.8,0.4
Harris,10/2/24,45,1.1,0.2
Trump,10/2/24,47,1.1,0.2
Harris,10/2/24,44,1.1,0.2
Trump,10/2/24,47,1.1,0.2
Harris,10/2/24,48,1.1,0.2
Trump,10/2/24,46,1.1,0.2
Harris,10/2/24,45,1.1,0.2
Trump,10/2/24,47,1.1,0.2
Harris,10/2/24,46,1.1,0.2
Trump,10/2/24,46,1.1,0.2
Harris,10/2/24,46,1.1,0.2
Trump,10/2/24,47,1.1,0.2
Harris,9/30/24,46,0.7,0.6
Trump,9/30/24,47.1,0.7,0.6
Harris,9/30/24,44.7,0.7,0.6
Trump,9/30/24,46.9,0.7,0.6
Harris,9/29/24,47,1.1,0.2
Trump,9/29/24,47,1.1,0.2
Harris,9/29/24,48,1.8,0.4
Trump,9/29/24,46,1.8,0.4
Harris,9/29/24,49,1.1,0.6
Trump,9/29/24,50,1.1,0.6
Harris,9/29/24,51,2,0
Trump,9/29/24,47,2,0
Harris,9/29/24,50,2,0
Trump,9/29/24,48,2,0
Harris,9/29/24,45.3,0.7,0.6
Trump,9/29/24,47.5,0.7,0.6
Harris,9/28/24,39,1.4,0
Trump,9/28/24,54,1.4,0
Harris,9/26/24,47,1.8,0.4
Trump,9/26/24,44,1.8,0.4
Harris,9/26/24,45,1.4,0
Trump,9/26/24,49,1.4,0
Harris,9/26/24,46,1.4,0
Trump,9/26/24,50,1.4,0
Harris,9/26/24,44,1.4,0
Trump,9/26/24,49,1.4,0
Harris,9/26/24,46,1.4,0
Trump,9/26/24,51,1.4,0
Harris,9/26/24,40,1.2,0.1
Trump,9/26/24,50,1.2,0.1
Harris,9/25/24,45.6,1.2,1.7
Trump,9/25/24,41.1,1.2,1.7
Harris,9/25/24,48.6,1.2,1.7
Trump,9/25/24,43.9,1.2,1.7
Harris,9/25/24,49.5,1.2,1.7
Trump,9/25/24,45.7,1.2,1.7
Harris,9/25/24,46,0.5,1.6
Trump,9/25/24,51,0.5,1.6
Harris,9/25/24,44.9,1.3,0.1
Trump,9/25/24,46.9,1.3,0.1
Harris,9/21/24,54,1.4,0.1
Trump,9/21/24,37,1.4,0.1
Harris,9/20/24,48,1.6,0.3
Trump,9/20/24,48,1.6,0.3
Harris,9/20/24,52,1.4,0.6
Trump,9/20/24,38,1.4,0.6
Harris,9/19/24,47,1.8,0.4
Trump,9/19/24,47,1.8,0.4
Harris,9/19/24,45,1.8,0.4
Trump,9/19/24,50,1.8,0.4
Harris,9/19/24,46,1.8,0.4
Trump,9/19/24,45,1.8,0.4
Harris,9/19/24,50,1.8,0.4
Trump,9/19/24,44,1.8,0.4
Harris,9/19/24,45,1.8,0.4
Trump,9/19/24,45,1.8,0.4
Harris,9/19/24,47,1.8,0.4
Trump,9/19/24,47,1.8,0.4
Harris,9/19/24,47,1.8,0.4
Trump,9/19/24,47,1.8,0.4
Harris,9/19/24,46,1.8,0.4
Trump,9/19/24,48,1.8,0.4
Harris,9/19/24,47,1.8,0.4
Trump,9/19/24,48,1.8,0.4
Harris,9/18/24,44.9,1.3,0.1
Trump,9/18/24,48.5,1.3,0.1
Harris,9/17/24,64,1.4,0
Trump,9/17/24,33,1.4,0
Harris,9/16/24,43,1.6,0.2
Trump,9/16/24,42,1.6,0.2
Harris,9/16/24,47,1.6,0.2
Trump,9/16/24,45,1.6,0.2
Harris,9/15/24,44.5,0.7,0.6
Trump,9/15/24,46.2,0.7,0.6
Harris,9/15/24,44.9,1.2,1.7
Trump,9/15/24,39.4,1.2,1.7
Harris,9/15/24,47.7,1.2,1.7
Trump,9/15/24,42.5,1.2,1.7
Harris,9/15/24,50.5,1.2,1.7
Trump,9/15/24,43.4,1.2,1.7
Harris,9/14/24,53,1.5,0.1
Trump,9/14/24,42,1.5,0.1
Harris,9/13/24,45.3,0.7,0.6
Trump,9/13/24,43.5,0.7,0.6
Harris,9/13/24,41,1.4,0.6
Trump,9/13/24,50,1.4,0.6
Harris,9/13/24,47,1.6,0.2
Trump,9/13/24,42,1.6,0.2
Harris,9/12/24,44,1.8,0.4
Trump,9/12/24,42,1.8,0.4
Harris,9/12/24,46,0.7,0.6
Trump,9/12/24,48.4,0.7,0.6
Harris,9/12/24,45.5,0.7,0.6
Trump,9/12/24,47.1,0.7,0.6
Harris,9/12/24,44,2,0.1
Trump,9/12/24,55,2,0.1
Harris,9/11/24,47,2,0
Trump,9/11/24,44,2,0
Harris,9/9/24,45,1.8,0.4
Trump,9/9/24,44,1.8,0.4
Harris,9/9/24,46,1.8,0.4
Trump,9/9/24,47,1.8,0.4
Harris,9/9/24,44,1.8,0.4
Trump,9/9/24,50,1.8,0.4
Harris,9/9/24,47,1.8,0.4
Trump,9/9/24,49,1.8,0.4
Harris,9/9/24,48,1.8,0.4
Trump,9/9/24,45,1.8,0.4
Harris,9/9/24,51,1.8,0.4
Trump,9/9/24,44,1.8,0.4
Harris,9/9/24,45,1.8,0.4
Trump,9/9/24,46,1.8,0.4
Harris,9/9/24,49,1.8,0.4
Trump,9/9/24,44,1.8,0.4
Harris,9/9/24,45,1.8,0.4
Trump,9/9/24,45,1.8,0.4
Harris,9/9/24,49,1.8,0.4
Trump,9/9/24,46,1.8,0.4
Harris,9/9/24,41,1.6,0.2
Trump,9/9/24,51,1.6,0.2
Harris,9/9/24,44,0.7,1.7
Trump,9/9/24,44,0.7,1.7
Harris,9/9/24,47,0.7,1.7
Trump,9/9/24,46,0.7,1.7
Harris,9/9/24,45,0.7,1.7
Trump,9/9/24,45,0.7,1.7
Harris,9/9/24,48,0.7,1.7
Trump,9/9/24,46,0.7,1.7
Harris,9/8/24,43.9,1.2,1.7
Trump,9/8/24,40.5,1.2,1.7
Harris,9/8/24,47.5,1.2,1.7
Trump,9/8/24,43.2,1.2,1.7
Harris,9/8/24,49.3,1.2,1.7
Trump,9/8/24,44.7,1.2,1.7
Harris,9/8/24,48.8,1.4,0.6
Trump,9/8/24,44.6,1.4,0.6
Harris,9/6/24,40,0.9,0.6
Trump,9/6/24,55,0.9,0.6
Harris,9/6/24,47,1.1,0.3
Trump,9/6/24,47,1.1,0.3
Harris,9/6/24,47,1.1,0.3
Trump,9/6/24,47,1.1,0.3
Harris,9/6/24,46,1.1,0.3
Trump,9/6/24,48,1.1,0.3
Harris,9/4/24,44,2,0.2
Trump,9/4/24,41,2,0.2
Harris,9/4/24,39,2,0.2
Trump,9/4/24,37,2,0.2
Harris,9/4/24,45,1.8,0.4
Trump,9/4/24,40,1.8,0.4
Harris,9/4/24,50,1.8,0.4
Trump,9/4/24,47,1.8,0.4
Harris,9/4/24,42,1.8,0.4
Trump,9/4/24,36,1.8,0.4
Harris,9/3/24,48.8,1.1,0.6
Trump,9/3/24,47.3,1.1,0.6
Harris,9/3/24,47.9,1.1,0.6
Trump,9/3/24,49,1.1,0.6
Harris,9/3/24,48.4,1.1,0.6
Trump,9/3/24,47.6,1.1,0.6
Harris,9/3/24,47.9,1.1,0.6
Trump,9/3/24,47.7,1.1,0.6
Harris,9/3/24,47.5,1.1,0.6
Trump,9/3/24,50,1.1,0.6
Harris,9/3/24,48.3,1.1,0.6
Trump,9/3/24,48.9,1.1,0.6
Harris,9/3/24,46.9,1.1,0.6
Trump,9/3/24,48.5,1.1,0.6
Harris,9/3/24,46.8,1.1,0.6
Trump,9/3/24,47,1.1,0.6
Harris,9/3/24,49.9,1.1,0.2
Trump,9/3/24,50.1,1.1,0.2
Harris,9/3/24,48.3,1.1,0.2
Trump,9/3/24,47.2,1.1,0.2
Harris,9/3/24,46.7,1.1,0.2
Trump,9/3/24,46.9,1.1,0.2
Harris,9/2/24,42,1.2,0.1
Trump,9/2/24,52,1.2,0.1
Harris,9/1/24,46.8,0.5,1.6
Trump,9/1/24,47.4,0.5,1.6
Harris,9/1/24,47.3,0.5,1.6
Trump,9/1/24,48.8,0.5,1.6
Harris,9/1/24,45.4,0.5,1.6
Trump,9/1/24,44.1,0.5,1.6
Harris,9/1/24,46.6,0.5,1.6
Trump,9/1/24,46.2,0.5,1.6
Harris,8/31/24,39.9,1.8,0.3
Trump,8/31/24,56,1.8,0.3
Harris,8/30/24,46.2,0.7,0.6
Trump,8/30/24,47.3,0.7,0.6
Harris,8/30/24,46.6,0.7,0.6
Trump,8/30/24,47,0.7,0.6
Harris,8/30/24,44.9,0.7,0.6
Trump,8/30/24,47,0.7,0.6
Harris,8/30/24,56,1.2,0.4
Trump,8/30/24,35,1.2,0.4
Harris,8/29/24,44,1.8,0.4
Trump,8/29/24,42,1.8,0.4
Harris,8/29/24,47,1.4,0.1
Trump,8/29/24,48,1.4,0.1
Harris,8/29/24,49,1.4,0.1
Trump,8/29/24,49,1.4,0.1
Harris,8/29/24,43,1.2,0.1
Trump,8/29/24,51,1.2,0.1
Harris,8/28/24,44,1.8,0.4
Trump,8/28/24,45,1.8,0.4
Harris,8/28/24,45,1.8,0.4
Trump,8/28/24,46,1.8,0.4
Harris,8/28/24,43,1.8,0.4
Trump,8/28/24,48,1.8,0.4
Harris,8/28/24,42,1.8,0.4
Trump,8/28/24,44,1.8,0.4
Harris,8/28/24,47,1.8,0.4
Trump,8/28/24,44,1.8,0.4
Harris,8/28/24,51,1.8,0.4
Trump,8/28/24,42,1.8,0.4
Harris,8/28/24,47,1.8,0.4
Trump,8/28/24,47,1.8,0.4
Harris,8/28/24,47,1.8,0.4
Trump,8/28/24,40,1.8,0.4
Harris,8/28/24,46,1.8,0.4
Trump,8/28/24,45,1.8,0.4
Harris,8/28/24,48,1.8,0.4
Trump,8/28/24,44,1.8,0.4
Harris,8/28/24,42.2,1.2,1.7
Trump,8/28/24,37,1.2,1.7
Harris,8/28/24,45.3,1.2,1.7
Trump,8/28/24,40.4,1.2,1.7
Harris,8/28/24,47.9,1.2,1.7
Trump,8/28/24,41.3,1.2,1.7
Harris,8/28/24,45.1,1.2,1.7
Trump,8/28/24,39.4,1.2,1.7
Harris,8/28/24,48.4,1.2,1.7
Trump,8/28/24,42.4,1.2,1.7
Harris,8/28/24,50.4,1.2,1.7
Trump,8/28/24,43.2,1.2,1.7
Harris,8/27/24,34,0.7,1.7
Trump,8/27/24,61,0.7,1.7
Harris,8/26/24,48,1.4,0.6
Trump,8/26/24,43,1.4,0.6
Harris,8/26/24,45,1,0.2
Trump,8/26/24,52,1,0.2
Harris,8/25/24,50,2,0
Trump,8/25/24,46,2,0
Harris,8/25/24,50,2,0
Trump,8/25/24,46,2,0
Harris,8/22/24,42,1.4,0
Trump,8/22/24,45,1.4,0
Harris,8/22/24,44,1.4,0
Trump,8/22/24,49,1.4,0
Harris,8/22/24,45,1.4,0
Trump,8/22/24,48,1.4,0
Harris,8/22/24,47,1.4,0
Trump,8/22/24,51,1.4,0
Harris,8/21/24,47,1.8,0.4
Trump,8/21/24,44,1.8,0.4
Harris,8/21/24,48,1.3,0.3
Trump,8/21/24,45,1.3,0.3
Harris,8/20/24,47.6,1.5,0.2
Trump,8/20/24,48.7,1.5,0.2
Harris,8/20/24,46.1,1.5,0.2
Trump,8/20/24,46.4,1.5,0.2
Harris,8/20/24,48.9,1.5,0.2
Trump,8/20/24,49.3,1.5,0.2
Harris,8/20/24,46.8,1.5,0.2
Trump,8/20/24,48.1,1.5,0.2
Harris,8/20/24,47.2,1.5,0.2
Trump,8/20/24,47.4,1.5,0.2
Harris,8/20/24,46.5,1.5,0.2
Trump,8/20/24,45.1,1.5,0.2
Harris,8/20/24,48.2,1.5,0.2
Trump,8/20/24,47.2,1.5,0.2
Harris,8/20/24,46.3,1.5,0.2
Trump,8/20/24,45,1.5,0.2
Harris,8/20/24,47.9,1.5,0.2
Trump,8/20/24,45.2,1.5,0.2
Harris,8/20/24,46.3,1.5,0.2
Trump,8/20/24,42.4,1.5,0.2
Harris,8/18/24,40.8,1.2,1.7
Trump,8/18/24,36.7,1.2,1.7
Harris,8/18/24,44,1.2,1.7
Trump,8/18/24,39.7,1.2,1.7
Harris,8/18/24,46.2,1.2,1.7
Trump,8/18/24,41.6,1.2,1.7
Harris,8/17/24,47,1.4,0.6
Trump,8/17/24,42,1.4,0.6
Harris,8/15/24,45,1.8,0.4
Trump,8/15/24,44,1.8,0.4
Harris,8/15/24,43,1.8,0.4
Trump,8/15/24,44,1.8,0.4
Harris,8/15/24,43,1.8,0.4
Trump,8/15/24,48,1.8,0.4
Harris,8/15/24,46,1.8,0.4
Trump,8/15/24,46,1.8,0.4
Harris,8/15/24,44,1.8,0.4
Trump,8/15/24,45,1.8,0.4
Harris,8/15/24,47,1.8,0.4
Trump,8/15/24,40,1.8,0.4
Harris,8/15/24,42,1.8,0.4
Trump,8/15/24,43,1.8,0.4
Harris,8/15/24,47,1.8,0.4
Trump,8/15/24,41,1.8,0.4
Harris,8/15/24,44,1.8,0.4
Trump,8/15/24,47,1.8,0.4
Harris,8/15/24,46,1.8,0.4
Trump,8/15/24,44,1.8,0.4
Harris,8/15/24,48,1.8,0.4
Trump,8/15/24,44,1.8,0.4
Harris,8/15/24,47,1.4,0.6
Trump,8/15/24,43,1.4,0.6
Harris,8/14/24,47,1.3,0.1
Trump,8/14/24,46,1.3,0.1
Harris,8/14/24,48,1.3,0.1
Trump,8/14/24,42,1.3,0.1
Harris,8/11/24,41.9,1.2,1.7
Trump,8/11/24,39.4,1.2,1.7
Harris,8/11/24,45.5,1.2,1.7
Trump,8/11/24,41.7,1.2,1.7
Harris,8/11/24,46.5,1.2,1.7
Trump,8/11/24,43.7,1.2,1.7
Harris,8/11/24,41,1.6,0.2
Trump,8/11/24,43,1.6,0.2
Harris,8/8/24,44.4,0.7,0.6
Trump,8/8/24,45.9,0.7,0.6
Harris,8/8/24,46.5,0.7,0.6
Trump,8/8/24,47.7,0.7,0.6
Harris,8/8/24,44.8,0.7,0.6
Trump,8/8/24,48.2,0.7,0.6
Harris,8/8/24,45.2,0.7,0.6
Trump,8/8/24,48.9,0.7,0.6
Harris,8/8/24,44,0.5,1.6
Trump,8/8/24,52,0.5,1.6
Harris,8/8/24,45,1.3,0.3
Trump,8/8/24,46,1.3,0.3
Harris,8/8/24,46,1.3,0.3
Trump,8/8/24,49,1.3,0.3
Harris,8/8/24,44,1.3,0.3
Trump,8/8/24,44,1.3,0.3
Harris,8/8/24,47,1.3,0.3
Trump,8/8/24,46,1.3,0.3
Harris,8/8/24,46,1.3,0.3
Trump,8/8/24,46,1.3,0.3
Harris,8/8/24,46,1.3,0.3
Trump,8/8/24,48,1.3,0.3
Harris,8/8/24,44,1.3,0.3
Trump,8/8/24,46,1.3,0.3
Harris,8/8/24,46,1.3,0.3
Trump,8/8/24,48,1.3,0.3
Harris,8/8/24,45,1.3,0.3
Trump,8/8/24,45,1.3,0.3
Harris,8/8/24,48,1.3,0.3
Trump,8/8/24,48,1.3,0.3
Harris,8/7/24,47,1.8,0.4
Trump,8/7/24,44,1.8,0.4
Harris,8/5/24,42,0.6,0.7
Trump,8/5/24,44,0.6,0.7
Harris,8/3/24,44,1.8,0.4
Trump,8/3/24,43,1.8,0.4
Harris,8/3/24,41,1.8,0.4
Trump,8/3/24,47,1.8,0.4
Harris,8/3/24,44,1.8,0.4
Trump,8/3/24,46,1.8,0.4
Harris,8/3/24,41,1.8,0.4
Trump,8/3/24,42,1.8,0.4
Harris,8/3/24,46,1.8,0.4
Trump,8/3/24,41,1.8,0.4
Harris,8/3/24,40,1.8,0.4
Trump,8/3/24,40,1.8,0.4
Harris,8/3/24,44,1.8,0.4
Trump,8/3/24,37,1.8,0.4
Harris,8/3/24,41,1.8,0.4
Trump,8/3/24,44,1.8,0.4
Harris,8/3/24,44,1.8,0.4
Trump,8/3/24,46,1.8,0.4
Harris,8/3/24,43,1.8,0.4
Trump,8/3/24,43,1.8,0.4
Harris,7/30/24,47,1.4,0
Trump,7/30/24,49,1.4,0
Harris,7/30/24,47,1.4,0
Trump,7/30/24,48,1.4,0
Harris,7/30/24,48,1.4,0
Trump,7/30/24,47,1.4,0
Harris,7/30/24,50,2,0.1
Trump,7/30/24,46,2,0.1
Harris,7/29/24,45,1.8,0.4
Trump,7/29/24,43,1.8,0.4
Harris,7/29/24,45,0.5,1.6
Trump,7/29/24,47,0.5,1.6
Harris,7/29/24,41,0.5,1.6
Trump,7/29/24,42,0.5,1.6
Harris,7/29/24,43,1.6,0.3
Trump,7/29/24,48,1.6,0.3
Harris,7/29/24,45,1.6,0.3
Trump,7/29/24,45,1.6,0.3
Harris,7/29/24,45,1.6,0.3
Trump,7/29/24,46,1.6,0.3
Harris,7/29/24,48,1.6,0.3
Trump,7/29/24,45,1.6,0.3
Harris,7/29/24,48,1.6,0.3
Trump,7/29/24,46,1.6,0.3
Harris,7/28/24,48,2,0
Trump,7/28/24,41,2,0
Harris,7/28/24,49.4,1.1,0.2
Trump,7/28/24,50.6,1.1,0.2
Harris,7/28/24,49.5,1.1,0.2
Trump,7/28/24,50.5,1.1,0.2
Harris,7/28/24,46.2,1.1,0.2
Trump,7/28/24,47.2,1.1,0.2
Harris,7/28/24,47.2,1.1,0.2
Trump,7/28/24,47.9,1.1,0.2
Harris,7/28/24,44.8,1.1,0.2
Trump,7/28/24,45.6,1.1,0.2
Harris,7/28/24,45.8,1.1,0.2
Trump,7/28/24,46.4,1.1,0.2
Harris,7/28/24,43,1.1,0.2
Trump,7/28/24,43.8,1.1,0.2
Harris,7/28/24,44.2,1.1,0.2
Trump,7/28/24,44.7,1.1,0.2
Harris,7/26/24,49,1.7,0.1
Trump,7/26/24,44,1.7,0.1
Harris,7/26/24,45,1.7,0.1
Trump,7/26/24,40,1.7,0.1
Harris,7/25/24,52,1.4,0
Trump,7/25/24,38,1.4,0
Trump,7/25/24,42.1,0.5,1.6
Harris,7/24/24,37.6,1.2,1.7
Trump,7/24/24,38.2,1.2,1.7
Harris,7/24/24,40.5,1.2,1.7
Trump,7/24/24,41.6,1.2,1.7
Harris,7/24/24,42.7,1.2,1.7
Trump,7/24/24,44.3,1.2,1.7
Harris,7/24/24,46,1.4,0.6
Trump,7/24/24,46,1.4,0.6
Harris,7/24/24,38,2,0.2
Trump,7/24/24,39,2,0.2
Harris,7/24/24,43,1.8,0.4
Trump,7/24/24,45,1.8,0.4
Harris,7/24/24,42,1.8,0.4
Trump,7/24/24,46,1.8,0.4
Harris,7/24/24,43,1.8,0.4
Trump,7/24/24,46,1.8,0.4
Harris,7/24/24,43,1.8,0.4
Trump,7/24/24,46,1.8,0.4
Harris,7/24/24,39,1.8,0.4
Trump,7/24/24,47,1.8,0.4
Harris,7/24/24,42,1.8,0.4
Trump,7/24/24,47,1.8,0.4
Harris,7/24/24,41,1.8,0.4
Trump,7/24/24,44,1.8,0.4
Harris,7/24/24,44,1.8,0.4
Trump,7/24/24,41,1.8,0.4
Harris,7/24/24,44,1.8,0.4
Trump,7/24/24,44,1.8,0.4
Trump,7/24/24,47,1.8,0.1
Trump,7/24/24,46,1.8,0.1
Harris,7/24/24,39,1.8,0.1
Trump,7/24/24,46,1.8,0.1
Harris,7/24/24,42,1.8,0.1
Trump,7/24/24,47,1.8,0.1
Trump,7/23/24,48,1.1,0.3
Trump,7/23/24,42,1.1,0.3
Harris,7/23/24,45,1.1,0.3
Trump,7/23/24,47,1.1,0.3
Trump,7/21/24,39.7,2,0
Harris,7/21/24,39.3,2,0
Trump,7/21/24,40.2,2,0
Trump,7/20/24,45,1.4,0
Trump,7/20/24,50,1.4,0
Harris,7/20/24,40,1.4,0
Trump,7/20/24,46,1.4,0
Trump,7/20/24,45,1.4,0
Trump,7/20/24,48,1.4,0
Trump,7/20/24,50,1.4,0
Harris,7/20/24,44,1.4,0
Trump,7/20/24,48,1.4,0
Trump,7/20/24,45,1.4,0
Trump,7/18/24,46,1.4,0
Trump,7/18/24,49,1.4,0
Harris,7/18/24,43,1.4,0
Trump,7/18/24,45,1.4,0
Trump,7/18/24,43,1.4,0
Trump,7/18/24,45,1.4,0
Trump,7/18/24,49,1.4,0
Harris,7/18/24,41,1.4,0
Trump,7/18/24,46,1.4,0
Trump,7/18/24,45,1.4,0
Trump,7/18/24,44,1.8,0.4
Trump,7/18/24,45,1.8,0.4
Trump,7/18/24,45,1.8,0.4
Trump,7/18/24,44,1.8,0.4
Trump,7/18/24,46,1.8,0.4
Trump,7/18/24,45,1.8,0.4
Trump,7/18/24,42,1.8,0.4
Trump,7/18/24,42,1.8,0.4
Trump,7/17/24,45.1,0.7,0.6
Trump,7/17/24,45.6,0.7,0.6
Trump,7/15/24,43,1.8,0.4
Trump,7/14/24,36,1.2,1.7
Trump,7/14/24,38.5,1.2,1.7
Trump,7/14/24,40.8,1.2,1.7
Harris,7/14/24,29.9,1.2,1.7
Trump,7/14/24,36.8,1.2,1.7
Harris,7/14/24,34.1,1.2,1.7
Trump,7/14/24,39.2,1.2,1.7
Harris,7/14/24,37.3,1.2,1.7
Trump,7/14/24,41.6,1.2,1.7
Trump,7/13/24,39,1.8,0.1
Trump,7/12/24,46,1.4,0
Trump,7/12/24,47,1.4,0
Harris,7/12/24,46,1.4,0
Trump,7/12/24,48,1.4,0
Trump,7/12/24,45,1.4,0
Trump,7/12/24,45,1.4,0
Trump,7/12/24,48,1.4,0
Trump,7/12/24,42,1.4,0
Trump,7/12/24,45,1.4,0
Trump,7/12/24,47,1.4,0
Harris,7/12/24,45,1.4,0
Trump,7/12/24,51,1.4,0
Trump,7/12/24,50,1.4,0
Trump,7/12/24,51,1.4,0
Trump,7/12/24,50,1.4,0
Trump,7/12/24,46,1.4,0
Trump,7/12/24,50,1.4,0
Trump,7/11/24,46,1.6,0.2
Trump,7/11/24,51,1.4,0
Harris,7/11/24,44,1.4,0
Trump,7/11/24,52,1.4,0
Trump,7/11/24,49,1.4,0
Trump,7/11/24,51,1.4,0
Trump,7/11/24,49,1.4,0
Trump,7/11/24,46,1.4,0
Trump,7/11/24,47,1.4,0
Trump,7/11/24,47,1.4,0
Harris,7/11/24,48,1.4,0
Trump,7/11/24,49,1.4,0
Trump,7/11/24,46,1.4,0
Trump,7/11/24,48,1.4,0
Trump,7/11/24,46,1.4,0
Trump,7/11/24,44,1.4,0
Trump,7/11/24,47,1.4,0
Trump,7/10/24,43,1.8,0.4
Trump,7/10/24,45,1.8,0.4
Trump,7/10/24,46,1.8,0.4
Trump,7/10/24,42,1.8,0.4
Trump,7/10/24,44,1.8,0.4
Trump,7/10/24,45,1.8,0.4
Trump,7/10/24,46,1.1,0.3
Trump,7/10/24,38,1.1,0.3
Harris,7/10/24,47,1.1,0.3
Trump,7/10/24,48,1.1,0.3
Trump,7/8/24,43,1.8,0.4
Harris,7/8/24,37,1.8,0.4
Trump,7/8/24,44,1.8,0.4
Trump,7/7/24,43,1.4,0.6
Trump,7/6/24,43,1,0.4
Harris,7/6/24,42,1,0.4
Trump,7/6/24,41,1,0.4
Trump,7/6/24,40,1,0.4
Trump,7/6/24,40,1,0.4
Trump,7/6/24,41,1,0.4
Trump,7/3/24,43,1.6,0.2
Harris,7/3/24,38,1.6,0.2
Trump,7/3/24,49,1.6,0.2
Trump,7/3/24,47,1.6,0.2
Trump,7/1/24,55,1.8,0.1
Trump,7/1/24,58,1.8,0.1
Trump,6/30/24,37.3,1.2,1.7
Trump,6/30/24,39.3,1.2,1.7
Trump,6/30/24,41.6,1.2,1.7
Trump,6/29/24,44.3,1.1,0.6
Trump,6/28/24,45,2,0
Trump,6/27/24,41,1.1,0.3
Trump,6/27/24,42,1.4,0.6
Trump,6/24/24,41,2,0
Trump,6/24/24,38,2,0
Trump,6/24/24,45.7,0.5,1.6
Trump,6/24/24,47.3,0.5,1.6
Trump,6/24/24,40.3,0.5,1.6
Trump,6/24/24,42.2,0.5,1.6
Trump,6/24/24,47,1.3,0.1
Trump,6/24/24,42,1.3,0.1
Trump,6/24/24,46,0.5,1.6
Harris,6/24/24,42,0.5,1.6
Trump,6/24/24,47,0.5,1.6
Trump,6/24/24,39,0.5,1.6
Trump,6/20/24,30,1.4,0
Trump,6/20/24,48,1.1,0.3
Trump,6/20/24,42,1.1,0.3
Trump,6/20/24,46,1.8,0.1
Trump,6/20/24,48,1.8,0.1
Trump,6/20/24,46,1.8,0.1
Trump,6/20/24,47,1.8,0.1
Trump,6/20/24,47,1.1,0.1
Trump,6/20/24,45,1.1,0.1
Trump,6/20/24,43,1.1,0.1
Trump,6/20/24,40,1.1,0.1
Trump,6/20/24,45,1.1,0.1
Trump,6/19/24,62,1.6,0.3
Trump,6/17/24,41,1.8,0.4
Trump,6/14/24,41,1.4,0
Trump,6/14/24,33,1.4,0.6
Trump,6/13/24,57,1.6,0.3
Trump,6/12/24,41,1.1,0.3
Trump,6/12/24,40,1.8,0.4
Trump,6/11/24,41,0.5,1.6
Trump,6/11/24,44,0.5,1.6
Trump,6/11/24,47,0.5,1.6
Trump,6/11/24,40,1.8,0.4
Trump,6/11/24,43,1.8,0.4
Trump,6/11/24,44,1.8,0.4
Trump,6/11/24,37,1.8,0.4
Trump,6/11/24,43,1.8,0.4
Trump,6/11/24,44,1.8,0.4
Trump,6/11/24,48,1.5,0.2
Trump,6/11/24,45,1.5,0.2
Trump,6/10/24,44,1.6,0.2
Trump,6/9/24,36.4,1.2,1.7
Trump,6/9/24,40.3,1.2,1.7
Trump,6/9/24,42.2,1.2,1.7
Trump,6/9/24,46,1.1,0.1
Trump,6/3/24,40,1.3,0.3
Trump,6/3/24,44,1.3,0.3
Trump,6/2/24,49,1.1,0.3
Trump,6/2/24,44,1.1,0.3
Trump,5/31/24,34,2,0.2
Trump,5/26/24,43,2,0
Trump,5/26/24,39,2,0
Trump,5/25/24,40,1.1,0.1
Trump,5/25/24,47,1.1,0.1
Trump,5/23/24,46,0.5,1.6
Trump,5/23/24,42,0.5,1.6
Trump,5/21/24,41,1.1,0.1
Trump,5/21/24,43,1.1,0.1
Trump,5/21/24,45,1.1,0.1
Trump,5/21/24,41,1.1,0.1
Trump,5/21/24,44,1.1,0.1
Trump,5/20/24,36.6,2,0
Trump,5/18/24,45,1.4,0.6
Trump,5/18/24,41,1.4,0.6
Trump,5/16/24,39,1.4,0
Trump,5/15/24,47,0.5,1.6
Harris,5/15/24,41,0.5,1.6
Trump,5/15/24,48,0.5,1.6
Trump,5/15/24,38,0.5,1.6
Trump,5/14/24,45.5,0.5,1.6
Trump,5/14/24,46.8,0.5,1.6
Trump,5/14/24,39.3,0.5,1.6
Trump,5/14/24,41.3,0.5,1.6
Trump,5/13/24,42,1.8,0.4
Trump,5/8/24,35.8,1.2,1.7
Trump,5/8/24,38.5,1.2,1.7
Trump,5/8/24,40.6,1.2,1.7
Trump,5/7/24,32,1.4,0
Trump,5/7/24,51,1,0.2
Trump,5/7/24,46,1,0.2
Trump,5/5/24,49,1.1,0.3
Trump,5/5/24,41,1.1,0.3
Trump,5/4/24,44,1.8,0.4
Trump,5/4/24,47,1.8,0.4
Trump,5/4/24,43,1.8,0.4
Trump,5/4/24,43,1.8,0.4
Trump,5/4/24,44,1.8,0.4
Trump,5/4/24,43,1.8,0.4
Trump,5/3/24,37,1.4,0.1
Trump,5/1/24,43,1.8,0.4
Trump,5/1/24,43,1.1,0.3
Trump,5/1/24,37,0.5,1.6
Trump,5/1/24,41,0.5,1.6
Trump,5/1/24,44,0.5,1.6
Trump,5/1/24,40,0.5,1.6
Trump,5/1/24,46,0.5,1.6
Trump,5/1/24,49,0.5,1.6
Trump,4/30/24,41,1.4,0.2
Trump,4/30/24,41,1.4,0.2
Trump,4/30/24,42,1.4,0.2
Trump,4/30/24,43,1.4,0.2
Trump,4/30/24,49,1.4,0.2
Trump,4/28/24,43,2,0
Trump,4/28/24,41,2,0
Trump,4/28/24,40,1.4,0.2
Trump,4/25/24,57,1.4,0
Trump,4/25/24,37,1.4,0
Trump,4/25/24,46,1.4,0
Trump,4/22/24,39,1.4,0.6
Trump,4/21/24,55.6,1.8,0
Trump,4/21/24,47.6,1.8,0
Trump,4/21/24,45.5,1.8,0
Trump,4/21/24,44.3,1.8,0
Trump,4/21/24,34.5,1.8,0
Trump,4/21/24,35.2,1.8,0
Trump,4/21/24,33.2,1.8,0
Trump,4/21/24,36.1,1.8,0
Trump,4/21/24,47.8,1.8,0
Trump,4/21/24,42.7,1.8,0
Trump,4/21/24,26.6,1.8,0
Trump,4/21/24,53.8,1.8,0
Trump,4/21/24,36.5,1.8,0
Trump,4/21/24,44.6,1.8,0
Trump,4/21/24,38.8,1.8,0
Trump,4/21/24,43.8,1.8,0
Trump,4/21/24,51.5,1.8,0
Trump,4/21/24,51.2,1.8,0
Trump,4/21/24,37.1,1.8,0
Trump,4/21/24,33.7,1.8,0
Trump,4/21/24,33.3,1.8,0
Trump,4/21/24,41.1,1.8,0
Trump,4/21/24,36,1.8,0
Trump,4/21/24,50,1.8,0
Trump,4/21/24,45,1.8,0
Trump,4/21/24,50,1.8,0
Trump,4/21/24,46.6,1.8,0
Trump,4/21/24,46.3,1.8,0
Trump,4/21/24,39.9,1.8,0
Trump,4/21/24,39.8,1.8,0
Trump,4/21/24,35.8,1.8,0
Trump,4/21/24,38.9,1.8,0
Trump,4/21/24,44.6,1.8,0
Trump,4/21/24,51.2,1.8,0
Trump,4/21/24,47,1.8,0
Trump,4/21/24,46.4,1.8,0
Trump,4/21/24,38.6,1.8,0
Trump,4/21/24,41.1,1.8,0
Trump,4/21/24,39.3,1.8,0
Trump,4/21/24,47,1.8,0
Trump,4/21/24,50.6,1.8,0
Trump,4/21/24,52.3,1.8,0
Trump,4/21/24,44.6,1.8,0
Trump,4/21/24,39.7,1.8,0
Trump,4/21/24,29.1,1.8,0
Trump,4/21/24,40.7,1.8,0
Trump,4/21/24,30.7,1.8,0
Trump,4/21/24,58.2,1.8,0
Trump,4/21/24,41.4,1.8,0
Trump,4/21/24,52.6,1.8,0
Trump,4/21/24,41.7,1.8,0
Trump,4/17/24,41,1.6,0.3
Trump,4/16/24,46,1,0.2
Trump,4/16/24,49,0.5,1.6
Harris,4/16/24,43,0.5,1.6
Trump,4/16/24,49,0.5,1.6
Trump,4/16/24,38,0.5,1.6
Trump,4/11/24,39,1.1,0.1
Trump,4/11/24,42,1.8,0.1
Trump,4/11/24,37,1.8,0.1
Trump,4/11/24,43,1.6,0.3
Trump,4/9/24,45,1.1,0.3
Trump,4/9/24,37,1.1,0.3
Trump,4/7/24,41,1.8,0.4
Trump,4/2/24,55,1.8,0.1
Trump,4/2/24,47,1.8,0.1
Trump,4/2/24,60,1.8,0.1
Trump,4/2/24,48,1.8,0.1
Trump,3/31/24,43.1,0.7,0.6
Trump,3/31/24,34.9,1.2,1.7
Trump,3/31/24,37.8,1.2,1.7
Trump,3/31/24,39.7,1.2,1.7
Trump,3/31/24,39,1.3,0.6
Trump,3/30/24,44.9,1.1,0.2
Trump,3/30/24,45.5,1.1,0.2
Trump,3/30/24,44.5,1.1,0.2
Trump,3/30/24,44.9,1.1,0.2
Trump,3/30/24,43.9,1.1,0.2
Trump,3/30/24,44.3,1.1,0.2
Trump,3/30/24,51.5,1.1,0.2
Trump,3/30/24,51.5,1.1,0.2
Trump,3/30/24,47,1.1,0.2
Trump,3/30/24,45.4,1.1,0.2
Trump,3/30/24,45.7,1.1,0.2
Trump,3/30/24,51.1,1.1,0.2
Trump,3/28/24,48,1.5,0.2
Trump,3/28/24,43,1.5,0.2
Trump,3/26/24,46.5,0.5,1.6
Trump,3/26/24,39.5,0.5,1.6
Trump,3/26/24,45.4,0.5,1.6
Trump,3/26/24,42.2,0.5,1.6
Trump,3/25/24,47,2,0
Trump,3/25/24,41,2,0
Trump,3/24/24,43,1.6,0.2
Trump,3/24/24,46,1.6,0.2
Trump,3/24/24,47,1.6,0.2
Trump,3/17/24,46,1.1,0.3
Trump,3/17/24,37,1.1,0.3
Trump,3/17/24,44,1.8,0.4
Trump,3/17/24,46,1.8,0.4
Trump,3/17/24,44,1.8,0.4
Trump,3/17/24,41,1.8,0.4
Trump,3/17/24,43,1.8,0.4
Trump,3/17/24,44,1.8,0.4
Trump,3/15/24,45,1.8,0.4
Trump,3/15/24,44,1.8,0.4
Trump,3/14/24,49,0.5,1.6
Harris,3/14/24,41,0.5,1.6
Trump,3/14/24,50,0.5,1.6
Trump,3/14/24,38,0.5,1.6
Trump,3/13/24,45,1.4,0
Trump,3/13/24,36.3,1.2,1.7
Trump,3/13/24,39.1,1.2,1.7
Trump,3/13/24,40.9,1.2,1.7
Trump,3/11/24,51.4,1.1,0.2
Trump,3/11/24,51.8,1.1,0.2
Trump,3/11/24,49.9,1.1,0.2
Trump,3/11/24,50.6,1.1,0.2
Trump,3/11/24,49.5,1.1,0.2
Trump,3/11/24,50,1.1,0.2
Trump,3/11/24,56.6,1.1,0.2
Trump,3/11/24,56.3,1.1,0.2
Trump,3/2/24,43,1.8,0.4
Trump,3/1/24,45.8,1.3,0.3
Trump,3/1/24,35,1.3,0.3
Trump,2/26/24,46,1.8,0.1
Trump,2/26/24,41,1.8,0.1
Trump,2/25/24,39,2,0
Trump,2/25/24,45,2,0
Trump,2/25/24,43,1.1,0.3
Trump,2/22/24,45.9,0.5,1.6
Trump,2/22/24,47.1,0.5,1.6
Trump,2/22/24,38.8,0.5,1.6
Trump,2/22/24,40.9,0.5,1.6
Trump,2/14/24,38,1.4,0
Trump,2/14/24,53.7,1.1,0.2
Trump,2/14/24,53.6,1.1,0.2
Trump,2/14/24,46.7,1.1,0.2
Trump,2/14/24,48,1.1,0.2
Trump,2/14/24,44.3,1.1,0.2
Trump,2/14/24,45.3,1.1,0.2
Trump,2/14/24,45.1,1.1,0.2
Trump,2/14/24,46,1.1,0.2
Trump,2/10/24,47.5,1.1,0.6
Trump,2/10/24,42,1.8,0.4
Trump,2/8/24,47,1.4,0.6
Trump,2/8/24,41,1.4,0.6
Trump,2/4/24,39,1.1,0.3
Trump,2/3/24,44,1.8,0.4
Trump,2/2/24,32,1.2,0.4
Trump,2/2/24,28,1.2,0.4
Trump,2/1/24,45,1.6,0.2
Trump,1/31/24,44,1.6,0.3
Trump,1/31/24,47,0.5,1.6
Harris,1/31/24,42,0.5,1.6
Trump,1/31/24,50,0.5,1.6
Trump,1/31/24,39,0.5,1.6
Trump,1/28/24,37,2,0
Trump,1/28/24,36.3,1.2,1.7
Trump,1/28/24,37.6,1.2,1.7
Trump,1/28/24,38.8,1.2,1.7
Trump,1/25/24,48,1.6,0.3
Trump,1/18/24,42,1.8,0.4
Trump,1/10/24,41,1,0.3
Trump,1/7/24,46.7,1.8,0
Trump,1/4/24,51,1.8,0
Trump,1/4/24,47,1.8,0
Trump,12/30/23,41,1.8,0.4
Trump,12/30/23,45,1.8,0.4
Trump,12/30/23,42,1.8,0.4
Trump,12/30/23,39,1.8,0.4
Trump,12/30/23,37,1.8,0.4
Trump,12/30/23,40,1.8,0.4
Trump,12/28/23,61,1.8,0.1
Trump,12/28/23,63,1.8,0.1
Trump,12/28/23,48,1.8,0.1
Trump,12/28/23,51,1.8,0.1
Trump,12/20/23,40,1.6,0.2
Trump,12/20/23,46,1.6,0.2
Trump,12/19/23,47,0.5,1.6
Harris,12/19/23,42,0.5,1.6
Trump,12/19/23,49,0.5,1.6
Trump,12/19/23,36,0.5,1.6
Trump,12/18/23,51.3,1.1,0.2
Trump,12/18/23,50.7,1.1,0.2
Trump,12/18/23,44.9,1.1,0.2
Trump,12/18/23,45.4,1.1,0.2
Trump,12/18/23,42.7,1.1,0.2
Trump,12/18/23,43.4,1.1,0.2
Trump,12/18/23,43.6,1.1,0.2
Trump,12/18/23,44.3,1.1,0.2
Trump,12/17/23,36,2,0
Trump,12/8/23,36,1.8,0.4
Trump,12/8/23,43,1.8,0.4
Trump,12/8/23,46,1.1,0.3
Trump,12/8/23,40,1.1,0.3
Trump,12/8/23,40,1.1,0.3
Trump,12/7/23,46,1.4,0.6
Trump,12/7/23,44,1.4,0.6
Trump,12/7/23,48,1.8,0.4
Trump,12/3/23,37.9,1.2,1.7
Trump,12/3/23,39.8,1.2,1.7
Trump,12/3/23,41.8,1.2,1.7
Trump,12/1/23,39,1.6,0.2
Trump,12/1/23,48,1.6,0.2
Trump,12/1/23,39,1.6,0.2
Trump,12/1/23,46,1.6,0.2
Trump,12/1/23,32,1.6,0.2
Trump,12/1/23,41,1.6,0.2
Trump,11/29/23,40,1.8,0.4
Trump,11/29/23,44,1.8,0.4
Trump,11/29/23,45,1.8,0.4
Trump,11/29/23,39,1.8,0.4
Trump,11/29/23,44,1.8,0.4
Trump,11/29/23,44,1.8,0.4
Trump,11/26/23,35,2,0
Trump,11/23/23,38.6,1.1,0.2
Trump,11/23/23,39,1.1,0.2
Trump,11/23/23,38.7,1.1,0.2
Trump,11/23/23,39.2,1.1,0.2
Trump,11/23/23,39.4,1.1,0.2
Trump,11/23/23,40,1.1,0.2
Trump,11/23/23,37.8,1.1,0.2
Trump,11/23/23,38.6,1.1,0.2
Trump,11/23/23,34.3,1.1,0.2
Trump,11/23/23,35.6,1.1,0.2
Trump,11/23/23,36.1,1.1,0.2
Trump,11/23/23,36.9,1.1,0.2
Trump,11/20/23,49,0.5,1.6
Harris,11/20/23,40,0.5,1.6
Trump,11/20/23,51,0.5,1.6
Trump,11/20/23,36,0.5,1.6
Trump,11/20/23,42,0.9,0.3
Trump,11/20/23,36,2,0.2
Trump,11/19/23,43.2,1.1,0.2
Trump,11/19/23,44.3,1.1,0.2
Trump,11/19/23,42.2,1.1,0.2
Trump,11/19/23,43.1,1.1,0.2
Trump,11/19/23,42.8,1.1,0.2
Trump,11/19/23,44,1.1,0.2
Trump,11/19/23,40.7,1.1,0.2
Trump,11/19/23,42.1,1.1,0.2
Trump,11/19/23,39.9,1.1,0.2
Trump,11/19/23,41.4,1.1,0.2
Trump,11/19/23,39.2,1.1,0.2
Trump,11/19/23,40.6,1.1,0.2
Trump,11/19/23,40.5,1.1,0.2
Trump,11/19/23,41.3,1.1,0.2
Trump,11/19/23,39.9,1.1,0.2
Trump,11/19/23,40.8,1.1,0.2
Trump,11/19/23,40.1,1.1,0.2
Trump,11/19/23,40.9,1.1,0.2
Trump,11/17/23,42,1.4,0.6
Trump,11/16/23,53,1.4,0.6
Trump,11/15/23,38,1.4,0
Trump,11/5/23,39,1.6,0.3
Trump,11/5/23,40.1,1.2,1.7
Trump,11/5/23,37.1,1.2,1.7
Trump,11/5/23,39.1,1.2,1.7
Trump,11/2/23,35,1.4,0.2
Trump,11/2/23,27,1.4,0.2
Trump,11/2/23,42,1.4,0.2
Trump,10/29/23,35,1.8,0.4
Trump,10/29/23,40,1.8,0.4
Trump,10/29/23,36,2,0
Trump,10/24/23,48,0.5,1.6
Harris,10/24/23,42,0.5,1.6
Trump,10/24/23,50,0.5,1.6
Trump,10/24/23,39,0.5,1.6
Trump,10/24/23,38,0.5,1.6
Trump,10/19/23,45,1.5,0.2
Trump,10/19/23,42,1.5,0.2
Trump,10/16/23,43,1.9,0.1
Trump,10/16/23,44,1.9,0.1
Trump,10/16/23,59,1.8,0.1
Trump,10/16/23,61,1.8,0.1
Trump,10/16/23,46,1.8,0.1
Trump,10/16/23,48,1.8,0.1
Trump,10/16/23,52,1.8,0.1
Trump,10/16/23,53,1.8,0.1
Trump,10/15/23,48.9,1.2,0.7
Trump,10/15/23,42.6,1.2,0.7
Trump,10/12/23,45,1.6,0.2
Trump,10/12/23,51,1.2,0.7
Trump,10/12/23,44.5,1.2,0.7
Trump,10/9/23,41,1.8,0.4
Trump,10/9/23,40,1.8,0.4
Trump,10/8/23,44,1.8,0.4
Trump,10/8/23,42,1.8,0.4
Trump,10/8/23,44,1.8,0.4
Trump,10/8/23,44,1.8,0.4
Trump,10/8/23,43,1.8,0.4
Trump,10/8/23,41,1.8,0.4
Trump,10/8/23,43,1.8,0.4
Trump,10/8/23,41,1.8,0.4
Trump,10/8/23,42,1.8,0.4
Trump,10/8/23,39,1.8,0.4
Trump,10/8/23,40.7,1.1,0.2
Trump,10/8/23,39.4,1.1,0.2
Trump,10/8/23,40.6,1.1,0.2
Trump,10/8/23,39.4,1.1,0.2
Trump,10/8/23,41.6,1.8,0.1
Trump,10/8/23,40.4,1.8,0.1
Trump,10/3/23,40.9,1.2,1.7
Trump,10/3/23,43.5,1.2,1.7
Trump,10/3/23,45,1.2,1.7
Trump,10/2/23,42,1.9,0.1
Trump,10/2/23,45,1.9,0.1
Trump,9/28/23,30.4,1.2,0.4
Trump,9/27/23,44,1.4,0
Trump,9/26/23,45,1.4,0
Trump,9/26/23,44,1.4,0
Trump,9/26/23,47,0.5,1.6
Harris,9/26/23,41,0.5,1.6
Trump,9/26/23,48,0.5,1.6
Trump,9/26/23,43,0.5,1.6
Trump,9/26/23,40,0.5,1.6
Trump,9/24/23,38,1.8,0
Trump,9/20/23,45,1.6,0.2
Trump,9/19/23,42,1.4,0.6
Trump,9/19/23,39,1.4,0.6
Trump,9/19/23,37,1.4,0.6
Trump,9/19/23,54,1.4,0.6
Trump,9/19/23,51,1.4,0.6
Trump,9/19/23,49,1.4,0.6
Trump,9/19/23,48,1.4,0.6
Trump,9/19/23,45,1.4,0.6
Trump,9/19/23,42,1.4,0.6
Trump,9/17/23,36,1.8,0.4
Trump,9/17/23,42,1.8,0.4
Trump,9/11/23,37,0.7,1.7
Trump,9/5/23,46,1.4,0.6
Trump,9/5/23,42,1.9,0.1
Trump,9/5/23,44,1.9,0.1
Trump,9/4/23,38,1.8,0.4
Trump,9/4/23,42,1.8,0.4
Trump,8/30/23,46,1.8,0.4
Trump,8/30/23,38,1.8,0.4
Trump,8/30/23,43,1.8,0.4
Trump,8/28/23,45,1.1,0.2
Trump,8/28/23,45.5,1.1,0.2
Trump,8/27/23,42.3,1.2,1.7
Trump,8/27/23,43.7,1.2,1.7
Trump,8/24/23,41,1.4,0
Trump,8/23/23,47,0.5,1.6
Harris,8/23/23,40,0.5,1.6
Trump,8/23/23,50,0.5,1.6
Trump,8/23/23,42,0.5,1.6
Trump,8/23/23,39,0.5,1.6
Trump,8/21/23,42.4,1.1,0.2
Trump,8/21/23,42.6,1.1,0.2
Trump,8/21/23,41,1.9,0.1
Trump,8/21/23,43,1.9,0.1
Trump,8/21/23,45,1.5,0
Trump,8/17/23,51,1.6,0.2
Trump,8/10/23,55,1.4,0
Trump,8/7/23,41,1.9,0.1
Trump,8/7/23,42,1.9,0.1
Trump,8/6/23,38,1.8,0.4
Harris,8/6/23,33,1.8,0.4
Trump,8/6/23,38,1.8,0.4
Trump,8/6/23,42,1.8,0.4
Harris,8/6/23,38,1.8,0.4
Trump,8/6/23,42,1.8,0.4
Trump,7/26/23,41.5,1.2,1.7
Trump,7/26/23,43.9,1.2,1.7
Trump,7/26/23,42,1.9,0.1
Trump,7/26/23,43,1.9,0.1
Trump,7/26/23,49.1,1.5,0.2
Trump,7/24/23,46,1.6,0.3
Trump,7/24/23,46,0.5,1.6
Harris,7/24/23,40,0.5,1.6
Trump,7/24/23,42,0.5,1.6
Trump,7/24/23,40,0.5,1.6
Trump,7/14/23,41,1.9,0.1
Trump,7/14/23,42,1.9,0.1
Trump,7/12/23,42.1,1.1,0.2
Trump,7/10/23,44,1.6,0.3
Trump,7/6/23,38,1.8,0.4
Harris,7/6/23,36,1.8,0.4
Trump,7/6/23,38,1.8,0.4
Trump,7/6/23,43,1.8,0.4
Harris,7/6/23,39,1.8,0.4
Trump,7/6/23,43,1.8,0.4
Trump,7/6/23,43,1.6,0.3
Trump,6/26/23,41,1.9,0.1
Trump,6/26/23,42,1.9,0.1
Trump,6/25/23,37,1.8,0.4
Harris,6/25/23,36,1.8,0.4
Trump,6/25/23,39,1.8,0.4
Trump,6/25/23,41,1.8,0.4
Harris,6/25/23,41,1.8,0.4
Trump,6/25/23,42,1.8,0.4
Trump,6/22/23,51,1.8,0.1
Trump,6/22/23,54,1.8,0.1
Trump,6/19/23,43,1.6,0.3
Trump,6/19/23,45,1.6,0.3
Trump,6/19/23,45,1.6,0.3
Trump,6/19/23,49,0.5,1.6
Trump,6/15/23,44,1.6,0.2
Trump,6/14/23,42.7,1.2,1.7
Trump,6/14/23,44.8,1.2,1.7
Trump,6/12/23,43,1.9,0.1
Trump,6/12/23,44,1.9,0.1
Trump,6/11/23,37,1.8,0.4
Harris,6/11/23,36,1.8,0.4
Trump,6/11/23,38,1.8,0.4
Trump,6/11/23,42,1.8,0.4
Harris,6/11/23,40,1.8,0.4
Trump,6/11/23,44,1.8,0.4
Trump,6/9/23,44.5,1.5,0.2
Trump,6/8/23,36,1.4,0
Trump,6/6/23,35.1,1.2,0.4
Trump,6/1/23,44,1.9,0.1
Trump,6/1/23,44,1.9,0.1
Trump,5/31/23,37,1.8,0.4
Harris,5/31/23,38,1.8,0.4
Trump,5/31/23,39,1.8,0.4
Trump,5/31/23,41,1.8,0.4
Harris,5/31/23,42,1.8,0.4
Trump,5/31/23,43,1.8,0.4
Trump,5/28/23,42.9,1.2,1.7
Trump,5/28/23,45.3,1.2,1.7
Trump,5/24/23,48,0.5,1.6
Trump,5/24/23,47,0.5,1.6
Trump,5/19/23,57,1.1,0.3
Trump,5/17/23,37,1.8,0.4
Harris,5/17/23,37,1.8,0.4
Trump,5/17/23,37,1.8,0.4
Trump,5/17/23,43,1.8,0.4
Harris,5/17/23,39,1.8,0.4
Trump,5/17/23,42,1.8,0.4
Trump,5/17/23,43,1.6,0.3
Trump,5/17/23,44,1.6,0.3
Trump,5/15/23,43,1.9,0.1
Trump,5/15/23,44,1.9,0.1
Trump,5/12/23,40.8,1.2,1.7
Trump,5/12/23,44.5,1.2,1.7
Trump,5/9/23,39,1.6,0.3
Trump,5/9/23,41,1.6,0.3
Trump,5/8/23,40,1.6,0.3
Trump,5/8/23,38,1.6,0.3
Trump,5/4/23,44,1.5,0.2
Trump,5/3/23,48,2,0.1
Trump,5/2/23,43,1.4,0.6
Trump,5/1/23,45,1.9,0.1
Trump,5/1/23,45,1.9,0.1
Trump,4/27/23,43,1.6,0.3
Trump,4/27/23,47,0.5,1.6
Trump,4/24/23,40,1.8,0.4
Harris,4/24/23,36,1.8,0.4
Trump,4/24/23,41,1.8,0.4
Trump,4/24/23,44,1.8,0.4
Harris,4/24/23,39,1.8,0.4
Trump,4/24/23,45,1.8,0.4
Trump,4/23/23,41.9,1.2,1.7
Trump,4/23/23,43.4,1.2,1.7
Harris,4/23/23,37.8,1.2,1.7
Trump,4/23/23,42.9,1.2,1.7
Harris,4/23/23,42.7,1.2,1.7
Trump,4/23/23,44.7,1.2,1.7
Harris,4/23/23,37.7,1.2,1.7
Harris,4/23/23,42.3,1.2,1.7
Trump,4/21/23,45,1.6,0.2
Trump,4/20/23,44,1.6,0.3
Trump,4/20/23,45,1.6,0.3
Trump,4/19/23,42,1.6,0.3
Trump,4/17/23,43,1.9,0.1
Trump,4/17/23,44,1.9,0.1
Trump,4/13/23,44,1.6,0.3
Trump,4/13/23,42,1.6,0.3
Trump,4/13/23,43.4,1.4,0.1
Trump,4/4/23,38,1.8,0.4
Harris,4/4/23,33,1.8,0.4
Trump,4/4/23,38,1.8,0.4
Trump,4/4/23,43,1.8,0.4
Harris,4/4/23,36,1.8,0.4
Trump,4/4/23,43,1.8,0.4
Trump,4/3/23,42,1.9,0.1
Trump,4/3/23,43,1.9,0.1
Trump,4/1/23,47,0.5,1.6
Trump,3/21/23,47,1.9,0.1
Trump,3/21/23,47,1.9,0.1
Trump,3/20/23,40,1.8,0.4
Harris,3/20/23,36,1.8,0.4
Trump,3/20/23,41,1.8,0.4
Trump,3/20/23,44,1.8,0.4
Harris,3/20/23,37,1.8,0.4
Trump,3/20/23,45,1.8,0.4
Trump,3/20/23,48,0.5,1.6
Harris,3/20/23,42,0.5,1.6
Trump,3/20/23,48,0.5,1.6
Trump,3/9/23,42.5,1.4,0.1
Trump,3/8/23,40,1.8,0.4
Trump,3/8/23,44,1.8,0.4
Trump,3/7/23,44,1.9,0.1
Trump,3/7/23,45,1.9,0.1
Trump,2/23/23,48,0.5,1.6
Harris,2/23/23,43,0.5,1.6
Trump,2/23/23,48,0.5,1.6
Trump,2/19/23,36,1.8,0.4
Harris,2/19/23,37,1.8,0.4
Trump,2/19/23,36,1.8,0.4
Trump,2/19/23,42,1.8,0.4
Harris,2/19/23,41,1.8,0.4
Trump,2/19/23,42,1.8,0.4
Trump,2/19/23,42,1.9,0.1
Trump,2/19/23,42,1.9,0.1
Trump,2/11/23,45,1.4,0
Trump,2/11/23,44,1.4,0
Harris,2/11/23,47,1.4,0
Trump,2/11/23,47,1.4,0
Trump,2/11/23,46,1.4,0
Trump,2/6/23,43,1.9,0.1
Trump,2/6/23,44,1.9,0.1
Trump,1/29/23,36,1.8,0.4
Harris,1/29/23,35,1.8,0.4
Trump,1/29/23,38,1.8,0.4
Trump,1/29/23,41,1.8,0.4
Harris,1/29/23,38,1.8,0.4
Trump,1/29/23,43,1.8,0.4
Trump,1/26/23,39,1.1,0.3
Trump,1/24/23,48,0.5,1.6
Harris,1/24/23,40,0.5,1.6
Trump,1/24/23,50,0.5,1.6
Trump,1/23/23,50,1.9,0.1
Trump,1/23/23,48,1.9,0.1
Trump,1/18/23,42,1.5,0
Trump,1/16/23,35,1.8,0.4
Harris,1/16/23,36,1.8,0.4
Trump,1/16/23,36,1.8,0.4
Trump,1/16/23,41,1.8,0.4
Harris,1/16/23,39,1.8,0.4
Trump,1/16/23,42,1.8,0.4
Trump,1/8/23,50,1.9,0.1
Trump,1/8/23,50,1.9,0.1
Trump,12/14/22,48,0.5,1.6
Harris,12/14/22,42,0.5,1.6
Trump,12/14/22,49,0.5,1.6
Trump,12/7/22,43,1.4,0
Trump,12/5/22,36,1.8,0.4
Harris,12/5/22,36,1.8,0.4
Trump,12/5/22,38,1.8,0.4
Trump,12/5/22,41,1.8,0.4
Harris,12/5/22,41,1.8,0.4
Trump,12/5/22,43,1.8,0.4
Trump,11/20/22,47,1.9,0.1
Trump,11/17/22,38,1.8,0.4
Harris,11/17/22,40,1.8,0.4
Trump,11/17/22,38,1.8,0.4
Trump,11/17/22,42,1.8,0.4
Harris,11/17/22,43,1.8,0.4
Trump,11/17/22,43,1.8,0.4
Trump,11/17/22,49,1.3,0.1
Trump,11/13/22,33,2,0
Trump,11/8/22,48,2,0.1
Trump,11/6/22,52,1.8,0.1
Trump,11/6/22,52,1.8,0.1
Trump,11/6/22,54,1.8,0.1
Trump,11/6/22,53,1.8,0.1
Trump,11/6/22,48,1.8,0.1
Trump,11/6/22,52,1.8,0.1
Trump,11/6/22,56,1.8,0.1
Trump,11/6/22,57,1.8,0.1
Trump,11/2/22,36,1.8,0.4
Harris,11/2/22,37,1.8,0.4
Trump,11/2/22,36,1.8,0.4
Trump,11/2/22,44,1.8,0.4
Harris,11/2/22,38,1.8,0.4
Trump,11/2/22,45,1.8,0.4
Trump,11/2/22,53,1.9,0.1
Trump,11/2/22,53,1.9,0.1
Trump,10/30/22,43,1.5,0.1
Trump,10/17/22,50,0.5,1.6
Harris,10/17/22,42,0.5,1.6
Trump,10/17/22,51,0.5,1.6
Trump,10/16/22,45.1,2,0
Trump,10/15/22,55.4,1.5,0.2
Trump,10/12/22,35,1.8,0.4
Harris,10/12/22,35,1.8,0.4
Trump,10/12/22,36,1.8,0.4
Trump,10/12/22,41,1.8,0.4
Harris,10/12/22,40,1.8,0.4
Trump,10/12/22,42,1.8,0.4
Trump,10/11/22,42,1.4,0
Trump,10/11/22,42,1.4,0
Trump,10/8/22,44,1.4,0
Trump,10/6/22,52.7,1.8,0.3
Trump,10/5/22,39,1.8,0
Trump,10/3/22,34,1.8,0.4
Harris,10/3/22,38,1.8,0.4
Trump,10/3/22,34,1.8,0.4
Trump,10/3/22,41,1.8,0.4
Harris,10/3/22,41,1.8,0.4
Trump,10/3/22,41,1.8,0.4
Trump,9/22/22,49,0.5,1.6
Harris,9/22/22,42,0.5,1.6
Trump,9/22/22,51,0.5,1.6
Trump,9/19/22,49,1.9,0.1
Trump,9/15/22,35,1.8,0.4
Harris,9/15/22,36,1.8,0.4
Trump,9/15/22,38,1.8,0.4
Trump,9/15/22,40,1.8,0.4
Harris,9/15/22,40,1.8,0.4
Trump,9/15/22,42,1.8,0.4
Trump,9/5/22,51,1.9,0.1
Trump,9/5/22,49,1.9,0.1
Trump,9/5/22,45,1.9,0.1
Trump,9/5/22,42,1.9,0.1
Trump,8/28/22,42,1.8,0.4
Harris,8/28/22,40,1.8,0.4
Trump,8/28/22,43,1.8,0.4
Trump,8/28/22,35,1.8,0.4
Harris,8/28/22,37,1.8,0.4
Trump,8/28/22,35,1.8,0.4
Trump,8/24/22,49,0.5,1.6
Harris,8/24/22,43,0.5,1.6
Trump,8/24/22,51,0.5,1.6
Trump,8/17/22,37,1.8,0.4
Harris,8/17/22,34,1.8,0.4
Trump,8/17/22,38,1.8,0.4
Trump,8/17/22,42,1.8,0.4
Harris,8/17/22,37,1.8,0.4
Trump,8/17/22,43,1.8,0.4
Trump,8/17/22,40.6,0.5,1.6
Trump,8/9/22,40,0.5,1.6
Trump,7/28/22,35,1.8,0.4
Harris,7/28/22,34,1.8,0.4
Trump,7/28/22,35,1.8,0.4
Trump,7/28/22,42,1.8,0.4
Harris,7/28/22,36,1.8,0.4
Trump,7/28/22,42,1.8,0.4
Trump,7/27/22,38.6,0.5,1.6
Trump,7/26/22,43.4,0.5,1.6
Trump,7/16/22,53,1.9,0.1
Trump,7/14/22,47.9,0.7,0.6
Trump,7/9/22,36,1.8,0.4
Harris,7/9/22,33,1.8,0.4
Trump,7/9/22,37,1.8,0.4
Trump,7/9/22,43,1.8,0.4
Harris,7/9/22,39,1.8,0.4
Trump,7/9/22,43,1.8,0.4
Trump,6/22/22,49,0.5,1.6
Harris,6/22/22,42,0.5,1.6
Trump,6/22/22,50,0.5,1.6
Trump,6/15/22,33,1.8,0.4
Harris,6/15/22,33,1.8,0.4
Trump,6/15/22,35,1.8,0.4
Trump,6/15/22,41,1.8,0.4
Harris,6/15/22,37,1.8,0.4
Trump,6/15/22,43,1.8,0.4
Trump,5/30/22,37,1.8,0.4
Harris,5/30/22,36,1.8,0.4
Trump,5/30/22,41,1.8,0.4
Trump,5/30/22,42,1.8,0.4
Harris,5/30/22,40,1.8,0.4
Trump,5/30/22,46,1.8,0.4
Trump,5/17/22,36,1.8,0.4
Harris,5/17/22,33,1.8,0.4
Trump,5/17/22,37,1.8,0.4
Trump,5/17/22,42,1.8,0.4
Harris,5/17/22,37,1.8,0.4
Trump,5/17/22,44,1.8,0.4
Trump,5/1/22,36,1.8,0.4
Trump,5/1/22,44,1.8,0.4
Harris,5/1/22,36,1.8,0.4
Trump,5/1/22,36,1.8,0.4
Harris,5/1/22,39,1.8,0.4
Trump,5/1/22,43,1.8,0.4
Trump,4/26/22,50,0.5,1.6
Harris,4/26/22,41,0.5,1.6
Trump,4/26/22,51,0.5,1.6
Trump,4/26/22,49,0.5,1.6
Trump,4/26/22,49,0.5,1.6
Trump,4/18/22,43,1.8,0.4
Harris,4/18/22,39,1.8,0.4
Trump,4/18/22,45,1.8,0.4
Trump,4/3/22,37,1.8,0.4
Harris,4/3/22,32,1.8,0.4
Trump,4/3/22,38,1.8,0.4
Trump,4/3/22,43,1.8,0.4
Harris,4/3/22,35,1.8,0.4
Trump,4/3/22,44,1.8,0.4
Trump,3/22/22,49,0.5,1.6
Harris,3/22/22,42,0.5,1.6
Trump,3/22/22,50,0.5,1.6
Trump,3/22/22,51,0.5,1.6
Trump,3/20/22,36,1.8,0.4
Harris,3/20/22,35,1.8,0.4
Trump,3/20/22,37,1.8,0.4
Trump,3/20/22,41,1.8,0.4
Harris,3/20/22,39,1.8,0.4
Trump,3/20/22,42,1.8,0.4
Trump,3/9/22,44,1.5,0
Harris,3/9/22,43,1.5,0
Trump,3/9/22,47,1.5,0
Trump,3/9/22,46,1.5,0
Trump,3/8/22,38,1.8,0.4
Harris,3/8/22,32,1.8,0.4
Trump,3/8/22,39,1.8,0.4
Trump,3/8/22,42,1.8,0.4
Harris,3/8/22,37,1.8,0.4
Trump,3/8/22,42,1.8,0.4
Trump,2/24/22,40.67,1.6,0
Trump,2/23/22,34,1.8,0.4
Harris,2/23/22,35,1.8,0.4
Trump,2/23/22,34,1.8,0.4
Trump,2/23/22,38,1.8,0.4
Harris,2/23/22,41,1.8,0.4
Trump,2/23/22,37,1.8,0.4
Trump,2/22/22,48,0.5,1.6
Harris,2/22/22,43,0.5,1.6
Trump,2/22/22,50,0.5,1.6
Trump,2/22/22,50,0.5,1.6
Trump,2/6/22,37,1.8,0.4
Harris,2/6/22,36,1.8,0.4
Trump,2/6/22,39,1.8,0.4
Trump,2/6/22,41,1.8,0.4
Harris,2/6/22,40,1.8,0.4
Trump,2/6/22,43,1.8,0.4
Trump,1/18/22,49,0.5,1.6
Harris,1/18/22,40,0.5,1.6
Trump,1/18/22,51,0.5,1.6
Trump,1/18/22,51,0.5,1.6
Trump,1/9/22,38,1.8,0.4
Harris,1/9/22,37,1.8,0.4
Trump,1/9/22,39,1.8,0.4
Trump,1/9/22,41,1.8,0.4
Harris,1/9/22,41,1.8,0.4
Trump,1/9/22,41,1.8,0.4
Trump,12/18/21,39,1.8,0.4
Trump,12/18/21,44,1.8,0.4
Trump,12/12/21,47.7,0.7,0.6
Harris,12/12/21,46,0.7,0.6
Trump,12/12/21,47.8,0.7,0.6
Trump,12/5/21,36,1.8,0.4
Harris,12/5/21,35,1.8,0.4
Trump,12/5/21,36,1.8,0.4
Trump,12/5/21,42,1.8,0.4
Harris,12/5/21,38,1.8,0.4
Trump,12/5/21,42,1.8,0.4
Trump,11/16/21,49,0.5,1.6
Harris,11/16/21,42,0.5,1.6
Trump,11/16/21,50,0.5,1.6
Trump,11/15/21,41,1.8,0.4
Harris,11/15/21,33,1.8,0.4
Trump,11/15/21,42,1.8,0.4
Trump,10/31/21,38,1.8,0.4
Trump,10/31/21,42,1.8,0.4
Harris,10/18/21,46,0.5,1.6
Trump,10/18/21,49,0.5,1.6
Trump,10/17/21,35,1.8,0.4
Trump,10/17/21,40,1.8,0.4
Trump,10/5/21,36,1.8,0.4
Trump,10/5/21,41,1.8,0.4
Trump,9/20/21,34,1.8,0.4
Trump,9/20/21,40,1.8,0.4
Trump,9/18/21,48.8,1.3,0.1
Harris,9/18/21,50.7,1.3,0.1
Trump,9/18/21,49.3,1.3,0.1
Harris,9/18/21,49.4,1.3,0.1
Harris,9/14/21,47,0.5,1.6
Trump,9/14/21,49,0.5,1.6
Trump,9/14/21,50,0.5,1.6
Trump,9/5/21,36,1.8,0.4
Trump,9/5/21,42,1.8,0.4
Harris,8/3/21,46,0.5,1.6
Trump,8/3/21,49,0.5,1.6
Trump,6/23/21,44,1,0.4
Harris,6/20/21,45,0.5,1.6
Trump,6/20/21,49,0.5,1.6
Harris,5/18/21,45,0.5,1.6
Trump,5/18/21,49,0.5,1.6
